{"_wandb":{"runtime":613},"eval/final_f1":0.44340442380849426,"eval/final_contain":0.432,"_timestamp":1.7780805323639984e+09,"eval/final_em":0.312,"eval/n":125,"eval/running_acc":0.432,"eval/final_tokens":8488.304,"_runtime":613,"eval/final_acc":0.432,"eval/running_em":0.312,"eval/running_tokens":8488.304,"eval/running_f1":0.44340442380849426,"eval/final_elapsed_s":612.6788578033447,"eval/final_n":125,"_step":125}