{"eval/running_tokens":8410.68,"eval/final_f1":0.388174345021561,"eval/running_f1":0.388174345021561,"eval/final_tokens":8410.68,"eval/final_elapsed_s":4652.964763879776,"_wandb":{"runtime":4653},"eval/final_n":1000,"eval/final_acc":0.524,"eval/final_contain":0.524,"eval/running_em":0.264,"_runtime":4653,"eval/running_acc":0.524,"_step":1000,"_timestamp":1.7780845723680916e+09,"eval/n":1000,"eval/final_em":0.264}