{"eval/final_f1":0.1807886032754734,"_wandb":{"runtime":4874},"_step":1000,"_timestamp":1.77808479391318e+09,"_runtime":4874,"eval/final_em":0.097,"eval/n":1000,"eval/final_contain":0.194,"eval/running_tokens":8937.166,"eval/running_em":0.097,"eval/final_elapsed_s":4874.402590751648,"eval/final_tokens":8937.166,"eval/running_acc":0.194,"eval/final_acc":0.194,"eval/running_f1":0.1807886032754734,"eval/final_n":1000}