{"best_reward":0.8033399375396094,"question_id":"3hop1__750125_183029_831331","_step":47,"ops_applied":10,"worst_reward":0.44963169772194034,"has_mixed_outcomes":true,"profile":"one_hop","spread":0.3537082398176691,"batch_idx":3,"epoch":0,"_runtime":3998,"_timestamp":1.7778497285759544e+09,"rewards":[0.44963169772194034,0.8033399375396094,0.449918496814546,0.8033399375396094],"library_size":18,"difficulty":"hard","group_size":4,"_wandb":{"runtime":3998}}