{"eval/final_acc":0.577,"eval/n":1000,"eval/running_f1":0.22749103344066662,"_wandb":{"runtime":4825},"eval/running_acc":0.577,"eval/final_contain":0.577,"eval/running_tokens":9171.544,"_runtime":4825,"_step":1000,"eval/final_elapsed_s":4825.118266820908,"eval/final_n":1000,"eval/running_em":0.108,"_timestamp":1.7780847450949776e+09,"eval/final_tokens":9171.544,"eval/final_em":0.108,"eval/final_f1":0.22749103344066662}