{"library_size":0,"difficulty":"hard","spread":0.01457305813487425,"_wandb":{"runtime":301},"batch_idx":0,"best_reward":0.27703631644739335,"profile":"numeric","group_size":2,"worst_reward":0.2624632583125191,"rewards":[0.2624632583125191,0.27703631644739335],"ops_applied":5,"epoch":0,"_runtime":301,"_step":5,"question_id":"3hop1__262651_365698_39874","_timestamp":1.7778457884955158e+09,"has_mixed_outcomes":false}